<?xml version="1.0" encoding="UTF-8" ?>
<!DOCTYPE mapper PUBLIC "-//mybatis.org//DTD Mapper 3.0//EN" 
    "http://mybatis.org/dtd/mybatis-3-mapper.dtd">
<mapper namespace="com.shopping.mapper.MemberMapper">
    <insert id="insertMember">
        insert into member_info(
            mi_id,mi_name,mi_email,
            mi_address,mi_birth,mi_pwd,
            mi_gen,mi_phone,mi_pay_card,mi_pay_account
        )
        values(
            #{mi_id},#{mi_name},#{mi_email},
            #{mi_address},#{mi_birth},#{mi_pwd},
            #{mi_gen},#{mi_phone},#{mi_pay_card},#{mi_pay_account}
        )
    </insert>
    <select id="selectMemberById" resultType="java.lang.Integer">
        select count(*) from member_info where mi_id=#{id}
    </select>
    <select id="selectMemberByEmail" resultType="java.lang.Integer">
        select count(*) from member_info where mi_email=#{email}
    </select>
    <select id="selectMemberAll" resultType="com.shopping.vo.MemberInfoVO">
        select * from member_info
    </select>
    <delete id="deleteMember">
        delete from member_info where mi_seq=#{seq}
    </delete>
</mapper>