<?xml version="1.0" encoding="UTF-8" ?>
<!DOCTYPE mapper PUBLIC "-//mybatis.org//DTD Mapper 3.0//EN" 
    "http://mybatis.org/dtd/mybatis-3-mapper.dtd">
<mapper namespace="com.shopping.mapper.CategoryMapper">
    <insert id="insertCategory">
        insert into category(cate_name) values(#{name})
    </insert>
    <select id="isDuplicateCategory" resultType="java.lang.Integer">
        select count(*) from category where cate_name=#{name}
    </select>
    <select id="selectCategoryAll" resultType="com.shopping.vo.CategoryVO">
        select * from category
    </select>
    <delete id="deleteCategory">
        delete from category where cate_seq=#{seq}
    </delete>
    <select id="selectCategoryName" resultType="java.lang.String">
        select cate_name from category where cate_seq=#{seq}
    </select>
    <select id="selectCateProdCnt" resultType="java.lang.Integer">
        select count(*) from product_info where pi_cate_seq=#{seq}
    </select>
</mapper>