<?xml version="1.0" encoding="UTF-8" ?>
<!DOCTYPE mapper PUBLIC "-//mybatis.org//DTD Mapper 3.0//EN" 
    "http://mybatis.org/dtd/mybatis-3-mapper.dtd">
<mapper namespace="com.shopping.mapper.SellerMapper">
    <insert id="insertSeller">
        insert into seller_info(si_id,si_pwd,si_name,si_address,si_email,si_phone)
        values (#{si_id},#{si_pwd},#{si_name},#{si_address},#{si_email},#{si_phone})
    </insert>
    <select id="selectSellerById" resultType="java.lang.Integer">
        select count(*) from seller_info where si_id=#{id}
    </select>
    <select id="selectSellerAll" resultType="com.shopping.vo.SellerInfoVO">
        select * from seller_info
    </select>
    <delete id="deleteSeller">
        delete from seller_info where si_seq=#{seq}
    </delete>
    <select id="selectSellerName" resultType="java.lang.String">
        select si_name from seller_info where si_seq=#{seq}
    </select>
    <select id="selectSellerProdCnt" resultType="java.lang.Integer">
        select count(*) from product_info where pi_si_seq=#{seq}
    </select>
</mapper>